,Week,Date
Day 01,Week 1,
Day 02,,
Day 03,,
Day 04,,
Day 05,,
Day 06,,
Day 07,,
Day 08,Week 2,
Day 09,,
Day 10,,
Day 11,,
Day 12,,
Day 13,,
Day 14,,
Day 15,Week 3,
Day 16,,
Day 17,,
Day 18,,
Day 19,,
Day 20,,
Day 21,,
Day 22,Week 4,
Day 23,,
Day 24,,
Day 25,,
Day 26,,
Day 27,,
Day 28,,
Day 29,Week 5,
Day 30,,
Day 31,,
Day 32,,
Day 33,,
Day 34,,
Day 35,,
Day 36,Week 6,
Day 37,,
Day 38,,
Day 39,,
Day 40,,
Day 41,,
Day 42,,
Day 43,Week 7,
Day 44,,
Day 45,,
Day 46,,
Day 47,,
Day 48,,
Day 49,,
Day 50,Week 8,
Day 51,,
Day 52,,
Day 53,,
Day 54,,
Day 55,,
Day 56,,
Day 57,Week 9,
Day 58,,
Day 59,,
Day 60,,
Day 61,,
Day 62,,
Day 63,,
Day 64,Week 10,
Day 65,,
Day 66,,
Day 67,,
Day 68,,
Day 69,,
Day 70,,
